Nome,Empresa,Local,Tipo,Modelo,Vaga para PcD
Pessoa Desenvolvedora FullStack Especialista I - Laborat√≥rio de Inova√ß√£o (Produtos Digitais) - Talentos Diversos,Grupo Botic√°rio,N√£o informado,Remoto,Efetivo,Sim
Desenvolvedor(a) Back-End Java Sr,VENHA SER #SANGUELARANJA üß°üöÄ,S√£o Paulo - SP,Presencial,Efetivo,Sim
Desenvolvedor PowerPlatform ,SharePrime,S√£o Paulo - SP,Remoto,Pessoa Jur√≠dica,Sim
Analista Desenvolvedor Pl,Stefanini Group,S√£o Paulo - SP,Presencial,Efetivo,Sim
ANALISTA DESENVOLVEDOR SR,Scala,Sao Paulo - SP,Remoto,Efetivo,Sim
Desenvolvedor Full Stack S√™nior (.Net/Angular),JDC Tech,N√£o informado,Remoto,Pessoa Jur√≠dica,Sim
Pessoa Desenvolvedora Fullstack - Pleno,Mr. Jack .bet,Porto Alegre - RS,Remoto,Pessoa Jur√≠dica,Sim
RHA3556 - Pessoa Desenvolvedora C# Pleno,Spread Tecnologia,N√£o informado,Remoto,Efetivo,Sim
Desenvolvedor Mobile J√∫nior (Exclusiva para PCD),#SejaShopper,S√£o Paulo - SP,Remoto,Efetivo,Sim
Desenvolvedor Pleno React / GoLang,BrandMonitor,N√£o informado,Remoto,Pessoa Jur√≠dica,Sim
